{
  "lessons": [
    {
      "name": "List Indexing and Slicing",
      "task_list": [
        {
          "name": "Print Individual List Elements",
          "task_files": {
            "file1.py": {
              "task_windows": [
                {
                  "line": 2,
                  "start": 0,
                  "hint": "lesson1task1file1_1",
                  "possible_answer": "print(list_of_strings[3])",
                  "length": 33
                },
                {
                  "line": 4,
                  "start": 0,
                  "possible_answer": "print(list_of_strings[-1])",
                  "length": 34
                }
              ]
            }
          }
        },
        {
          "name": "Print List Slice",
          "task_files": {
            "file1.py": {
              "task_windows": [
                {
                  "line": 2,
                  "start": 0,
                  "possible_answer": "print(list_of_strings[3:6])",
                  "length": 70
                }
              ]
            }
          }
        }
      ]
    }
  ],
  "description": "Trying out Pycharm Educational",
  "name": "Pycharm Edu Demo",
  "author": "Nathan Sommer"
}